Konu Adı,2018,2019,2020,2021,2022,2023,2024,2025
Gönül Coğrafyamız,–,–,–,–,–,–,–,1
İslam ve İbadet,–,–,–,1,–,2,1,–
Allah İnsan İlişkisi,1,–,1,1,–,–,1,–
Hz. Muhammed ve Gençlik,1,–,–,–,–,–,1,–
Din ve Hayat,–,1,–,–,1,–,–,–
Ahlaki Tutum ve Davranışlar,–,–,1,–,–,–,–,1
"İslam Düşüncesinde İtikadi, Siyasi ve Fıkhi Yorumlar",–,1,–,1,–,–,–,–
Dünya ve Ahiret,–,1,–,–,1,–,–,–
Kur’an’a Göre Hz. Muhammed,1,1,1,–,–,–,1,1
Kur’an’da Bazı Kavramlar,–,–,–,1,–,–,–,–
İnançla İlgili Meseleler,–,–,1,1,1,–,1,–
Yahudilik ve Hristiyanlık,–,–,–,–,1,1,–,–
İslam ve Bilim,–,–,1,1,2,2,–,1
Anadolu’da İslam,–,–,1,–,–,1,–,–
İslam Düşüncesinde Tasavvufi Yorumlar,1,1,–,–,–,–,1,–
Güncel Dini Meseleler,–,–,–,–,1,–,–,2
Hint ve Çin Dinleri,1,1,–,–,–,–,–,–
Toplam,6,6,6,6,6,6,6,6